id,name,email,password,description,location
1,Youfeed,ejanout0@businessinsider.com,vk4fK0Qd9A,nonummy integer non velit donec diam neque vestibulum eget vulputate ut ultrices vel,2 Eastlawn Parkway
2,Twitterworks,fshilling1@blogspot.com,szpZ6HA9H,turpis enim blandit mi in porttitor pede justo eu massa donec dapibus duis,8544 Forest Run Park
3,Linklinks,eboyack2@free.fr,7HpdGtjIlJM,pede ac diam cras pellentesque volutpat dui maecenas tristique est et,90 Bluejay Plaza
4,Dazzlesphere,adewicke3@fastcompany.com,GV0Cjm,risus auctor sed tristique in tempus sit amet sem fusce consequat nulla nisl nunc,77381 Scoville Street
5,Janyx,kswanwick4@accuweather.com,3HX5a4ZfkAX,lobortis est phasellus sit amet erat nulla tempus vivamus in felis eu sapien cursus vestibulum proin,458 Elgar Terrace
6,Mydeo,sbenwell5@springer.com,jUCUb7z23N6,neque aenean auctor gravida sem praesent id massa id nisl venenatis lacinia aenean sit amet justo,9643 Corry Lane
7,Realblab,lmattioli6@newsvine.com,ixhT0jT,dui luctus rutrum nulla tellus in sagittis dui vel nisl duis ac nibh,35270 Delaware Way
8,Yakitri,gfalconar7@bbc.co.uk,9Fq1dBHIGCwz,justo aliquam quis turpis eget elit sodales scelerisque mauris sit amet eros suspendisse accumsan,5872 Beilfuss Way
9,Skipstorm,jsexcey8@indiatimes.com,np0P4saKMSM,hac habitasse platea dictumst maecenas ut massa quis augue luctus tincidunt nulla,65247 Mallory Court
10,Yakitri,lritchie9@illinois.edu,4S2RTeGssw,orci luctus et ultrices posuere cubilia curae duis faucibus accumsan odio curabitur convallis duis consequat dui,1 Fairview Way
11,Dabvine,vwhitesona@amazon.co.uk,k7TV16jaLIV,luctus nec molestie sed justo pellentesque viverra pede ac diam cras,1431 East Alley
12,Devify,jfaulconerb@instagram.com,vTExxK,non quam nec dui luctus rutrum nulla tellus in sagittis dui vel nisl duis,44598 Arizona Center
13,Jayo,mboutellierc@dailymail.co.uk,QahQuZ8Ij8h,in faucibus orci luctus et ultrices posuere cubilia curae donec pharetra magna vestibulum aliquet ultrices erat tortor sollicitudin mi,8132 Rockefeller Lane
14,Eidel,dnilesd@discovery.com,kSHKAjjEPh,ullamcorper purus sit amet nulla quisque arcu libero rutrum ac lobortis,8 Scoville Avenue
15,Flipstorm,mverheydene@seesaa.net,jCzvefvrk,augue vestibulum rutrum rutrum neque aenean auctor gravida sem praesent,0 Gulseth Circle
16,Digitube,sswaytef@gov.uk,vcHBHl,in lectus pellentesque at nulla suspendisse potenti cras in purus,63077 Grasskamp Lane
17,Buzzbean,akayzerg@goo.gl,2J9z0NsVi,mattis egestas metus aenean fermentum donec ut mauris eget massa tempor,6426 New Castle Court
18,Jabbertype,mgooderickh@desdev.cn,sjcTAt,ut ultrices vel augue vestibulum ante ipsum primis in faucibus orci,92 Elka Court
19,DabZ,bcamilioi@trellian.com,dVx9IR,hac habitasse platea dictumst maecenas ut massa quis augue luctus tincidunt nulla mollis molestie lorem quisque,9205 Tennessee Alley
20,Cogibox,bcrosettij@google.com.au,Nx3dvm19u,commodo placerat praesent blandit nam nulla integer pede justo lacinia,89468 Transport Lane
21,Centidel,sharnork@npr.org,po9p4R2,diam id ornare imperdiet sapien urna pretium nisl ut volutpat,60016 Anzinger Plaza
22,Bluejam,barmorl@nationalgeographic.com,6tPQwv,metus sapien ut nunc vestibulum ante ipsum primis in faucibus orci luctus et,3 Bay Plaza
23,Yombu,ywardropem@ustream.tv,F0gt5LE3doLh,sit amet erat nulla tempus vivamus in felis eu sapien,8 Moulton Circle
24,Divavu,kchandersn@blogger.com,R5aQmM,nisi at nibh in hac habitasse platea dictumst aliquam augue quam sollicitudin vitae consectetuer eget rutrum at,0 Aberg Plaza
25,Linkbuzz,epolycoteo@unicef.org,yHiVsYliCTj,orci pede venenatis non sodales sed tincidunt eu felis fusce posuere felis sed lacus morbi sem,71398 Graceland Pass
26,Thoughtmix,ablackmoorp@xrea.com,RCMHFzdt2fX,diam vitae quam suspendisse potenti nullam porttitor lacus at turpis donec posuere metus vitae ipsum aliquam non mauris,8533 Bartelt Drive
27,Skiba,lpashbaq@baidu.com,NRqxQ1321,lorem integer tincidunt ante vel ipsum praesent blandit lacinia erat vestibulum sed magna at nunc commodo placerat praesent blandit,94 Mariners Cove Circle
28,Jamia,pseydlitzr@noaa.gov,gUikWV2mCLD,quis turpis sed ante vivamus tortor duis mattis egestas metus aenean fermentum donec ut,721 Morrow Court
29,Trudoo,skindreds@unblog.fr,0RWWH4BWgF,gravida sem praesent id massa id nisl venenatis lacinia aenean sit amet justo morbi ut odio cras mi pede,821 Golf Course Point
30,Feednation,hanmoret@sakura.ne.jp,Nj17OEu0H,nibh in quis justo maecenas rhoncus aliquam lacus morbi quis tortor id nulla ultrices aliquet maecenas leo odio condimentum id,906 Hazelcrest Way
31,Feedmix,kspohru@cloudflare.com,EcalOc,integer ac leo pellentesque ultrices mattis odio donec vitae nisi nam ultrices libero,2 Carberry Plaza
32,Skinder,hgreenhalfv@tinyurl.com,nVzWoPf,proin leo odio porttitor id consequat in consequat ut nulla sed accumsan felis ut at dolor quis odio,11 Elka Court
33,Oodoo,oakriggw@domainmarket.com,ApVOPkGcW,sapien varius ut blandit non interdum in ante vestibulum ante ipsum primis in,605 Lillian Avenue
34,Dabvine,ecappsx@mtv.com,HkYpyPAwi,massa donec dapibus duis at velit eu est congue elementum in hac habitasse platea dictumst morbi vestibulum velit id pretium,79 Lighthouse Bay Pass
35,Eidel,wdavioty@vk.com,lEw1xlWY8Uq,tellus semper interdum mauris ullamcorper purus sit amet nulla quisque arcu libero rutrum ac lobortis vel,7544 Ruskin Road
36,Thoughtstorm,hdanielsz@shop-pro.jp,tmnpTpiC7,nulla eget eros elementum pellentesque quisque porta volutpat erat quisque erat eros viverra eget congue eget,73 Golf Place
37,Trudoo,trobelet10@blog.com,hDnQ37IZ,erat volutpat in congue etiam justo etiam pretium iaculis justo in hac habitasse platea dictumst etiam faucibus,128 Goodland Lane
38,Wordify,lvlasyuk11@etsy.com,LiVIaIvd9,leo odio porttitor id consequat in consequat ut nulla sed accumsan felis ut at,752 Golf Crossing
39,Eimbee,jslatter12@state.tx.us,ECl9PSufQN,lectus in est risus auctor sed tristique in tempus sit amet sem fusce consequat nulla nisl nunc nisl,7 Artisan Court
40,Realbuzz,dledeker13@ustream.tv,eZlXpi,vulputate elementum nullam varius nulla facilisi cras non velit nec nisi,10 Schmedeman Plaza
41,Meetz,kburkwood14@google.es,qnI91Nm,posuere cubilia curae nulla dapibus dolor vel est donec odio justo sollicitudin ut suscipit a,39840 Bunting Circle
42,Teklist,mmeardon15@google.it,SlOu9V5j1P,ante vel ipsum praesent blandit lacinia erat vestibulum sed magna at nunc commodo placerat praesent,38 Spaight Hill
43,Kwinu,mcalendar16@unblog.fr,S9VixW,mauris viverra diam vitae quam suspendisse potenti nullam porttitor lacus at turpis donec posuere metus vitae ipsum aliquam non,1404 Carioca Park
44,Jabberbean,oscyone17@theglobeandmail.com,635GWpSp9,volutpat dui maecenas tristique est et tempus semper est quam pharetra magna ac consequat metus sapien,80975 Del Mar Pass
45,Mymm,bmayers18@hp.com,cm5omdt,sit amet turpis elementum ligula vehicula consequat morbi a ipsum integer a nibh in quis justo maecenas,02325 Chive Center
46,Skippad,wwhicher19@kickstarter.com,uzOByVZN5zAh,dolor vel est donec odio justo sollicitudin ut suscipit a feugiat et eros,7322 Magdeline Plaza
47,Kwinu,kleopard1a@360.cn,HPBMHDmZl9V,porttitor pede justo eu massa donec dapibus duis at velit eu est congue,79031 Lighthouse Bay Road
48,Thoughtstorm,rhawkshaw1b@youtu.be,XxO2NyNZ,vitae mattis nibh ligula nec sem duis aliquam convallis nunc proin at turpis,23897 Columbus Place
49,Eayo,rswanton1c@ebay.com,CwD3uSHo8c,phasellus sit amet erat nulla tempus vivamus in felis eu sapien cursus vestibulum proin eu mi nulla,9521 Huxley Court
50,Tagcat,abeneteau1d@nbcnews.com,8If4Xv,nulla sed vel enim sit amet nunc viverra dapibus nulla suscipit ligula in lacus curabitur at ipsum ac,0 Declaration Street
